<?xml version="1.0" encoding="UTF-8"?>
<config xmlns="http://www.knime.org/2008/09/XMLConfig" xmlns:xsi="http://www.w3.org/2001/XMLSchema-instance" xsi:schemaLocation="http://www.knime.org/2008/09/XMLConfig http://www.knime.org/XMLConfig_2008_09.xsd" key="model.xml">
<entry key="version" type="xint" value="1"/>
<entry key="class_name" type="xstring" value="org.knime.base.data.normalize.NormalizerPortObject"/>
<config key="model">
<config key="columns">
<config key="MONTH">
<entry key="column_name" type="xstring" value="MONTH"/>
<entry key="column_scale" type="xdouble" value="0.09090909090909091"/>
<entry key="column_translate" type="xdouble" value="-0.09090909090909091"/>
<entry key="column_min" type="xdouble" value="0.0"/>
<entry key="column_max" type="xdouble" value="1.0"/>
</config>
<config key="HOUR">
<entry key="column_name" type="xstring" value="HOUR"/>
<entry key="column_scale" type="xdouble" value="0.09090909090909091"/>
<entry key="column_translate" type="xdouble" value="0.0"/>
<entry key="column_min" type="xdouble" value="0.0"/>
<entry key="column_max" type="xdouble" value="1.0"/>
</config>
<config key="pressure">
<entry key="column_name" type="xstring" value="pressure"/>
<entry key="column_scale" type="xdouble" value="1.466275659824047E-4"/>
<entry key="column_translate" type="xdouble" value="-14.052785923753666"/>
<entry key="column_min" type="xdouble" value="0.0"/>
<entry key="column_max" type="xdouble" value="1.0"/>
</config>
<config key="three_hour_pressure_change">
<entry key="column_name" type="xstring" value="three_hour_pressure_change"/>
<entry key="column_scale" type="xdouble" value="4.385964912280702E-4"/>
<entry key="column_translate" type="xdouble" value="0.5307017543859649"/>
<entry key="column_min" type="xdouble" value="0.0"/>
<entry key="column_max" type="xdouble" value="1.0"/>
</config>
<config key="wind_direction">
<entry key="column_name" type="xstring" value="wind_direction"/>
<entry key="column_scale" type="xdouble" value="0.002777777777777778"/>
<entry key="column_translate" type="xdouble" value="0.0"/>
<entry key="column_min" type="xdouble" value="0.0"/>
<entry key="column_max" type="xdouble" value="1.0"/>
</config>
<config key="wind_speed">
<entry key="column_name" type="xstring" value="wind_speed"/>
<entry key="column_scale" type="xdouble" value="0.0028580901098649836"/>
<entry key="column_translate" type="xdouble" value="0.0"/>
<entry key="column_min" type="xdouble" value="0.0"/>
<entry key="column_max" type="xdouble" value="1.0"/>
</config>
<config key="visibility">
<entry key="column_name" type="xstring" value="visibility"/>
<entry key="column_scale" type="xdouble" value="1.6680567139282734E-5"/>
<entry key="column_translate" type="xdouble" value="-8.340283569641367E-4"/>
<entry key="column_min" type="xdouble" value="0.0"/>
<entry key="column_max" type="xdouble" value="1.0"/>
</config>
<config key="cloud_cover">
<entry key="column_name" type="xstring" value="cloud_cover"/>
<entry key="column_scale" type="xdouble" value="0.125"/>
<entry key="column_translate" type="xdouble" value="0.0"/>
<entry key="column_min" type="xdouble" value="0.0"/>
<entry key="column_max" type="xdouble" value="1.0"/>
</config>
<config key="height_of_base_of_cloud">
<entry key="column_name" type="xstring" value="height_of_base_of_cloud"/>
<entry key="column_scale" type="xdouble" value="1.2547051442910915E-4"/>
<entry key="column_translate" type="xdouble" value="-0.0037641154328732747"/>
<entry key="column_min" type="xdouble" value="0.0"/>
<entry key="column_max" type="xdouble" value="1.0"/>
</config>
<config key="dewpoint">
<entry key="column_name" type="xstring" value="dewpoint"/>
<entry key="column_scale" type="xdouble" value="0.024096385542168676"/>
<entry key="column_translate" type="xdouble" value="0.5024096385542169"/>
<entry key="column_min" type="xdouble" value="0.0"/>
<entry key="column_max" type="xdouble" value="1.0"/>
</config>
<config key="drybulb">
<entry key="column_name" type="xstring" value="drybulb"/>
<entry key="column_scale" type="xdouble" value="0.0196078431372549"/>
<entry key="column_translate" type="xdouble" value="0.2519607843137255"/>
<entry key="column_min" type="xdouble" value="0.0"/>
<entry key="column_max" type="xdouble" value="1.0"/>
</config>
</config>
<entry key="summary" type="xstring" value="Min/Max (0.0, 1) normalization on 11 column(s)"/>
</config>
</config>
