<?xml version="1.0" encoding="UTF-8"?>
<config xmlns="http://www.knime.org/2008/09/XMLConfig" xmlns:xsi="http://www.w3.org/2001/XMLSchema-instance" xsi:schemaLocation="http://www.knime.org/2008/09/XMLConfig http://www.knime.org/XMLConfig_2008_09.xsd" key="MiningSchema">
<config key="learning">
<entry key="array-size" type="xint" value="11"/>
<entry key="0" type="xstring" value="MONTH"/>
<entry key="1" type="xstring" value="HOUR"/>
<entry key="2" type="xstring" value="pressure"/>
<entry key="3" type="xstring" value="three_hour_pressure_change"/>
<entry key="4" type="xstring" value="wind_direction"/>
<entry key="5" type="xstring" value="wind_speed"/>
<entry key="6" type="xstring" value="visibility"/>
<entry key="7" type="xstring" value="cloud_cover"/>
<entry key="8" type="xstring" value="height_of_base_of_cloud"/>
<entry key="9" type="xstring" value="dewpoint"/>
<entry key="10" type="xstring" value="drybulb"/>
</config>
<config key="target">
<entry key="array-size" type="xint" value="1"/>
<entry key="0" type="xstring" value="FOG+3"/>
</config>
</config>
